Ticker,Rows,Columns,Has_Close,Close_dtype,Missing_Close_%,First_Date,Last_Date
AAA.VN,247,"['Date', 'Adj Close', 'Close', 'High', 'Low', 'Open', 'Volume', 'Ticker']",True,object,0.0,,2025-07-15
AAM.VN,239,"['Date', 'Adj Close', 'Close', 'High', 'Low', 'Open', 'Volume', 'Ticker']",True,object,0.0,,2025-07-15
AAT.VN,247,"['Date', 'Adj Close', 'Close', 'High', 'Low', 'Open', 'Volume', 'Ticker']",True,object,0.0,,2025-07-15
ABR.VN,195,"['Date', 'Adj Close', 'Close', 'High', 'Low', 'Open', 'Volume', 'Ticker']",True,object,0.0,,2025-07-15
ABS.VN,247,"['Date', 'Adj Close', 'Close', 'High', 'Low', 'Open', 'Volume', 'Ticker']",True,object,0.0,,2025-07-15
ABT.VN,222,"['Date', 'Adj Close', 'Close', 'High', 'Low', 'Open', 'Volume', 'Ticker']",True,object,0.0,,2025-07-15
ACB.VN,250,"['Date', 'Adj Close', 'Close', 'High', 'Low', 'Open', 'Volume', 'Ticker']",True,object,0.0,,2025-07-15
ACC.VN,247,"['Date', 'Adj Close', 'Close', 'High', 'Low', 'Open', 'Volume', 'Ticker']",True,object,0.0,,2025-07-15
ACG.VN,245,"['Date', 'Adj Close', 'Close', 'High', 'Low', 'Open', 'Volume', 'Ticker']",True,object,0.0,,2025-07-15
ACL.VN,245,"['Date', 'Adj Close', 'Close', 'High', 'Low', 'Open', 'Volume', 'Ticker']",True,object,0.0,,2025-07-15
ADG.VN,236,"['Date', 'Adj Close', 'Close', 'High', 'Low', 'Open', 'Volume', 'Ticker']",True,object,0.0,,2025-07-15
ADP.VN,258,"['Date', 'Adj Close', 'Close', 'High', 'Low', 'Open', 'Volume', 'Ticker']",True,object,0.0,,2025-07-15
ADS.VN,247,"['Date', 'Adj Close', 'Close', 'High', 'Low', 'Open', 'Volume', 'Ticker']",True,object,0.0,,2025-07-15
AGG.VN,248,"['Date', 'Adj Close', 'Close', 'High', 'Low', 'Open', 'Volume', 'Ticker']",True,object,0.0,,2025-07-15
AGR.VN,250,"['Date', 'Adj Close', 'Close', 'High', 'Low', 'Open', 'Volume', 'Ticker']",True,object,0.0,,2025-07-15
ANV.VN,250,"['Date', 'Adj Close', 'Close', 'High', 'Low', 'Open', 'Volume', 'Ticker']",True,object,0.0,,2025-07-15
APG.VN,247,"['Date', 'Adj Close', 'Close', 'High', 'Low', 'Open', 'Volume', 'Ticker']",True,object,0.0,,2025-07-15
APH.VN,247,"['Date', 'Adj Close', 'Close', 'High', 'Low', 'Open', 'Volume', 'Ticker']",True,object,0.0,,2025-07-15
ASG.VN,226,"['Date', 'Adj Close', 'Close', 'High', 'Low', 'Open', 'Volume', 'Ticker']",True,object,0.0,,2025-07-15
ASM.VN,247,"['Date', 'Adj Close', 'Close', 'High', 'Low', 'Open', 'Volume', 'Ticker']",True,object,0.0,,2025-07-15
ASP.VN,247,"['Date', 'Adj Close', 'Close', 'High', 'Low', 'Open', 'Volume', 'Ticker']",True,object,0.0,,2025-07-15
AST.VN,247,"['Date', 'Adj Close', 'Close', 'High', 'Low', 'Open', 'Volume', 'Ticker']",True,object,0.0,,2025-07-15
BAF.VN,247,"['Date', 'Adj Close', 'Close', 'High', 'Low', 'Open', 'Volume', 'Ticker']",True,object,0.0,,2025-07-15
BBC.VN,153,"['Date', 'Adj Close', 'Close', 'High', 'Low', 'Open', 'Volume', 'Ticker']",True,object,0.0,,2025-07-15
BCE.VN,247,"['Date', 'Adj Close', 'Close', 'High', 'Low', 'Open', 'Volume', 'Ticker']",True,object,0.0,,2025-07-15
BCG.VN,247,"['Date', 'Adj Close', 'Close', 'High', 'Low', 'Open', 'Volume', 'Ticker']",True,object,0.0,,2025-07-15
BCM.VN,247,"['Date', 'Adj Close', 'Close', 'High', 'Low', 'Open', 'Volume', 'Ticker']",True,object,0.0,,2025-07-15
BFC.VN,247,"['Date', 'Adj Close', 'Close', 'High', 'Low', 'Open', 'Volume', 'Ticker']",True,object,0.0,,2025-07-15
BHN.VN,201,"['Date', 'Adj Close', 'Close', 'High', 'Low', 'Open', 'Volume', 'Ticker']",True,object,0.0,,2025-07-15
BIC.VN,247,"['Date', 'Adj Close', 'Close', 'High', 'Low', 'Open', 'Volume', 'Ticker']",True,object,0.0,,2025-07-15
BID.VN,250,"['Date', 'Adj Close', 'Close', 'High', 'Low', 'Open', 'Volume', 'Ticker']",True,object,0.0,,2025-07-15
BKG.VN,247,"['Date', 'Adj Close', 'Close', 'High', 'Low', 'Open', 'Volume', 'Ticker']",True,object,0.0,,2025-07-15
BMC.VN,247,"['Date', 'Adj Close', 'Close', 'High', 'Low', 'Open', 'Volume', 'Ticker']",True,object,0.0,,2025-07-15
BMI.VN,248,"['Date', 'Adj Close', 'Close', 'High', 'Low', 'Open', 'Volume', 'Ticker']",True,object,0.0,,2025-07-15
BMP.VN,247,"['Date', 'Adj Close', 'Close', 'High', 'Low', 'Open', 'Volume', 'Ticker']",True,object,0.0,,2025-07-15
BRC.VN,246,"['Date', 'Adj Close', 'Close', 'High', 'Low', 'Open', 'Volume', 'Ticker']",True,object,0.0,,2025-07-15
BSI.VN,250,"['Date', 'Adj Close', 'Close', 'High', 'Low', 'Open', 'Volume', 'Ticker']",True,object,0.0,,2025-07-15
BSR.VN,120,"['Date', 'Adj Close', 'Close', 'High', 'Low', 'Open', 'Volume', 'Ticker']",True,object,0.0,,2025-07-15
BTP.VN,247,"['Date', 'Adj Close', 'Close', 'High', 'Low', 'Open', 'Volume', 'Ticker']",True,object,0.0,,2025-07-15
BTT.VN,259,"['Date', 'Adj Close', 'Close', 'High', 'Low', 'Open', 'Volume', 'Ticker']",True,object,0.0,,2025-07-15
BVH.VN,247,"['Date', 'Adj Close', 'Close', 'High', 'Low', 'Open', 'Volume', 'Ticker']",True,object,0.0,,2025-07-15
BWE.VN,247,"['Date', 'Adj Close', 'Close', 'High', 'Low', 'Open', 'Volume', 'Ticker']",True,object,0.0,,2025-07-15
CCC.VN,44,"['Date', 'Adj Close', 'Close', 'High', 'Low', 'Open', 'Volume', 'Ticker']",True,object,0.0,,2025-07-15
CCI.VN,187,"['Date', 'Adj Close', 'Close', 'High', 'Low', 'Open', 'Volume', 'Ticker']",True,object,0.0,,2025-07-15
CCL.VN,247,"['Date', 'Adj Close', 'Close', 'High', 'Low', 'Open', 'Volume', 'Ticker']",True,object,0.0,,2025-07-15
CDC.VN,247,"['Date', 'Adj Close', 'Close', 'High', 'Low', 'Open', 'Volume', 'Ticker']",True,object,0.0,,2025-07-15
CHP.VN,247,"['Date', 'Adj Close', 'Close', 'High', 'Low', 'Open', 'Volume', 'Ticker']",True,object,0.0,,2025-07-15
CIG.VN,247,"['Date', 'Adj Close', 'Close', 'High', 'Low', 'Open', 'Volume', 'Ticker']",True,object,0.0,,2025-07-15
CII.VN,247,"['Date', 'Adj Close', 'Close', 'High', 'Low', 'Open', 'Volume', 'Ticker']",True,object,0.0,,2025-07-15
CKG.VN,250,"['Date', 'Adj Close', 'Close', 'High', 'Low', 'Open', 'Volume', 'Ticker']",True,object,0.0,,2025-07-15
CLC.VN,238,"['Date', 'Adj Close', 'Close', 'High', 'Low', 'Open', 'Volume', 'Ticker']",True,object,0.0,,2025-07-15
CLL.VN,247,"['Date', 'Adj Close', 'Close', 'High', 'Low', 'Open', 'Volume', 'Ticker']",True,object,0.0,,2025-07-15
CLW.VN,259,"['Date', 'Adj Close', 'Close', 'High', 'Low', 'Open', 'Volume', 'Ticker']",True,object,0.0,,2025-07-15
CMG.VN,250,"['Date', 'Adj Close', 'Close', 'High', 'Low', 'Open', 'Volume', 'Ticker']",True,object,0.0,,2025-07-15
CMV.VN,137,"['Date', 'Adj Close', 'Close', 'High', 'Low', 'Open', 'Volume', 'Ticker']",True,object,0.0,,2025-07-15
CMX.VN,247,"['Date', 'Adj Close', 'Close', 'High', 'Low', 'Open', 'Volume', 'Ticker']",True,object,0.0,,2025-07-15
CNG.VN,247,"['Date', 'Adj Close', 'Close', 'High', 'Low', 'Open', 'Volume', 'Ticker']",True,object,0.0,,2025-07-15
COM.VN,166,"['Date', 'Adj Close', 'Close', 'High', 'Low', 'Open', 'Volume', 'Ticker']",True,object,0.0,,2025-07-15
CRC.VN,250,"['Date', 'Adj Close', 'Close', 'High', 'Low', 'Open', 'Volume', 'Ticker']",True,object,0.0,,2025-07-15
CRE.VN,247,"['Date', 'Adj Close', 'Close', 'High', 'Low', 'Open', 'Volume', 'Ticker']",True,object,0.0,,2025-07-15
CSM.VN,247,"['Date', 'Adj Close', 'Close', 'High', 'Low', 'Open', 'Volume', 'Ticker']",True,object,0.0,,2025-07-15
CSV.VN,247,"['Date', 'Adj Close', 'Close', 'High', 'Low', 'Open', 'Volume', 'Ticker']",True,object,0.0,,2025-07-15
CTD.VN,247,"['Date', 'Adj Close', 'Close', 'High', 'Low', 'Open', 'Volume', 'Ticker']",True,object,0.0,,2025-07-15
CTF.VN,250,"['Date', 'Adj Close', 'Close', 'High', 'Low', 'Open', 'Volume', 'Ticker']",True,object,0.0,,2025-07-15
CTG.VN,247,"['Date', 'Adj Close', 'Close', 'High', 'Low', 'Open', 'Volume', 'Ticker']",True,object,0.0,,2025-07-15
CTI.VN,247,"['Date', 'Adj Close', 'Close', 'High', 'Low', 'Open', 'Volume', 'Ticker']",True,object,0.0,,2025-07-15
CTR.VN,247,"['Date', 'Adj Close', 'Close', 'High', 'Low', 'Open', 'Volume', 'Ticker']",True,object,0.0,,2025-07-15
CTS.VN,250,"['Date', 'Adj Close', 'Close', 'High', 'Low', 'Open', 'Volume', 'Ticker']",True,object,0.0,,2025-07-15
CVT.VN,141,"['Date', 'Adj Close', 'Close', 'High', 'Low', 'Open', 'Volume', 'Ticker']",True,object,0.0,,2025-07-15
DAH.VN,247,"['Date', 'Adj Close', 'Close', 'High', 'Low', 'Open', 'Volume', 'Ticker']",True,object,0.0,,2025-07-15
DAT.VN,182,"['Date', 'Adj Close', 'Close', 'High', 'Low', 'Open', 'Volume', 'Ticker']",True,object,0.0,,2025-07-15
DBC.VN,247,"['Date', 'Adj Close', 'Close', 'High', 'Low', 'Open', 'Volume', 'Ticker']",True,object,0.0,,2025-07-15
DBD.VN,247,"['Date', 'Adj Close', 'Close', 'High', 'Low', 'Open', 'Volume', 'Ticker']",True,object,0.0,,2025-07-15
DBT.VN,231,"['Date', 'Adj Close', 'Close', 'High', 'Low', 'Open', 'Volume', 'Ticker']",True,object,0.0,,2025-07-15
DCL.VN,247,"['Date', 'Adj Close', 'Close', 'High', 'Low', 'Open', 'Volume', 'Ticker']",True,object,0.0,,2025-07-15
DCM.VN,247,"['Date', 'Adj Close', 'Close', 'High', 'Low', 'Open', 'Volume', 'Ticker']",True,object,0.0,,2025-07-15
DGC.VN,247,"['Date', 'Adj Close', 'Close', 'High', 'Low', 'Open', 'Volume', 'Ticker']",True,object,0.0,,2025-07-15
DGW.VN,248,"['Date', 'Adj Close', 'Close', 'High', 'Low', 'Open', 'Volume', 'Ticker']",True,object,0.0,,2025-07-15
DHA.VN,247,"['Date', 'Adj Close', 'Close', 'High', 'Low', 'Open', 'Volume', 'Ticker']",True,object,0.0,,2025-07-15
DHC.VN,250,"['Date', 'Adj Close', 'Close', 'High', 'Low', 'Open', 'Volume', 'Ticker']",True,object,0.0,,2025-07-15
DHG.VN,247,"['Date', 'Adj Close', 'Close', 'High', 'Low', 'Open', 'Volume', 'Ticker']",True,object,0.0,,2025-07-15
DHM.VN,250,"['Date', 'Adj Close', 'Close', 'High', 'Low', 'Open', 'Volume', 'Ticker']",True,object,0.0,,2025-07-15
DIG.VN,250,"['Date', 'Adj Close', 'Close', 'High', 'Low', 'Open', 'Volume', 'Ticker']",True,object,0.0,,2025-07-15
DLG.VN,247,"['Date', 'Adj Close', 'Close', 'High', 'Low', 'Open', 'Volume', 'Ticker']",True,object,0.0,,2025-07-15
DMC.VN,228,"['Date', 'Adj Close', 'Close', 'High', 'Low', 'Open', 'Volume', 'Ticker']",True,object,0.0,,2025-07-15
DPG.VN,250,"['Date', 'Adj Close', 'Close', 'High', 'Low', 'Open', 'Volume', 'Ticker']",True,object,0.0,,2025-07-15
DPM.VN,247,"['Date', 'Adj Close', 'Close', 'High', 'Low', 'Open', 'Volume', 'Ticker']",True,object,0.0,,2025-07-15
DPR.VN,247,"['Date', 'Adj Close', 'Close', 'High', 'Low', 'Open', 'Volume', 'Ticker']",True,object,0.0,,2025-07-15
DQC.VN,246,"['Date', 'Adj Close', 'Close', 'High', 'Low', 'Open', 'Volume', 'Ticker']",True,object,0.0,,2025-07-15
DRC.VN,247,"['Date', 'Adj Close', 'Close', 'High', 'Low', 'Open', 'Volume', 'Ticker']",True,object,0.0,,2025-07-15
DRH.VN,259,"['Date', 'Adj Close', 'Close', 'High', 'Low', 'Open', 'Volume', 'Ticker']",True,object,0.0,,2025-07-15
DRL.VN,244,"['Date', 'Adj Close', 'Close', 'High', 'Low', 'Open', 'Volume', 'Ticker']",True,object,0.0,,2025-07-15
DSC.VN,178,"['Date', 'Adj Close', 'Close', 'High', 'Low', 'Open', 'Volume', 'Ticker']",True,object,0.0,,2025-07-15
DSE.VN,258,"['Date', 'Adj Close', 'Close', 'High', 'Low', 'Open', 'Volume', 'Ticker']",True,object,0.0,,2025-07-15
DSN.VN,247,"['Date', 'Adj Close', 'Close', 'High', 'Low', 'Open', 'Volume', 'Ticker']",True,object,0.0,,2025-07-15
DTA.VN,242,"['Date', 'Adj Close', 'Close', 'High', 'Low', 'Open', 'Volume', 'Ticker']",True,object,0.0,,2025-07-15
DTL.VN,209,"['Date', 'Adj Close', 'Close', 'High', 'Low', 'Open', 'Volume', 'Ticker']",True,object,0.0,,2025-07-15
DTT.VN,258,"['Date', 'Adj Close', 'Close', 'High', 'Low', 'Open', 'Volume', 'Ticker']",True,object,0.0,,2025-07-15
DVP.VN,247,"['Date', 'Adj Close', 'Close', 'High', 'Low', 'Open', 'Volume', 'Ticker']",True,object,0.0,,2025-07-15
DXG.VN,250,"['Date', 'Adj Close', 'Close', 'High', 'Low', 'Open', 'Volume', 'Ticker']",True,object,0.0,,2025-07-15
DXS.VN,247,"['Date', 'Adj Close', 'Close', 'High', 'Low', 'Open', 'Volume', 'Ticker']",True,object,0.0,,2025-07-15
DXV.VN,245,"['Date', 'Adj Close', 'Close', 'High', 'Low', 'Open', 'Volume', 'Ticker']",True,object,0.0,,2025-07-15
EIB.VN,248,"['Date', 'Adj Close', 'Close', 'High', 'Low', 'Open', 'Volume', 'Ticker']",True,object,0.0,,2025-07-15
ELC.VN,250,"['Date', 'Adj Close', 'Close', 'High', 'Low', 'Open', 'Volume', 'Ticker']",True,object,0.0,,2025-07-15
EVE.VN,247,"['Date', 'Adj Close', 'Close', 'High', 'Low', 'Open', 'Volume', 'Ticker']",True,object,0.0,,2025-07-15
EVF.VN,248,"['Date', 'Adj Close', 'Close', 'High', 'Low', 'Open', 'Volume', 'Ticker']",True,object,0.0,,2025-07-15
EVG.VN,247,"['Date', 'Adj Close', 'Close', 'High', 'Low', 'Open', 'Volume', 'Ticker']",True,object,0.0,,2025-07-15
FCM.VN,250,"['Date', 'Adj Close', 'Close', 'High', 'Low', 'Open', 'Volume', 'Ticker']",True,object,0.0,,2025-07-15
FCN.VN,247,"['Date', 'Adj Close', 'Close', 'High', 'Low', 'Open', 'Volume', 'Ticker']",True,object,0.0,,2025-07-15
FDC.VN,259,"['Date', 'Adj Close', 'Close', 'High', 'Low', 'Open', 'Volume', 'Ticker']",True,object,0.0,,2025-07-15
FIR.VN,247,"['Date', 'Adj Close', 'Close', 'High', 'Low', 'Open', 'Volume', 'Ticker']",True,object,0.0,,2025-07-15
FIT.VN,247,"['Date', 'Adj Close', 'Close', 'High', 'Low', 'Open', 'Volume', 'Ticker']",True,object,0.0,,2025-07-15
FMC.VN,247,"['Date', 'Adj Close', 'Close', 'High', 'Low', 'Open', 'Volume', 'Ticker']",True,object,0.0,,2025-07-15
FPT.VN,247,"['Date', 'Adj Close', 'Close', 'High', 'Low', 'Open', 'Volume', 'Ticker']",True,object,0.0,,2025-07-15
FRT.VN,247,"['Date', 'Adj Close', 'Close', 'High', 'Low', 'Open', 'Volume', 'Ticker']",True,object,0.0,,2025-07-15
FTS.VN,250,"['Date', 'Adj Close', 'Close', 'High', 'Low', 'Open', 'Volume', 'Ticker']",True,object,0.0,,2025-07-15
GAS.VN,248,"['Date', 'Adj Close', 'Close', 'High', 'Low', 'Open', 'Volume', 'Ticker']",True,object,0.0,,2025-07-15
GDT.VN,250,"['Date', 'Adj Close', 'Close', 'High', 'Low', 'Open', 'Volume', 'Ticker']",True,object,0.0,,2025-07-15
GEE.VN,228,"['Date', 'Adj Close', 'Close', 'High', 'Low', 'Open', 'Volume', 'Ticker']",True,object,0.0,,2025-07-15
GEG.VN,248,"['Date', 'Adj Close', 'Close', 'High', 'Low', 'Open', 'Volume', 'Ticker']",True,object,0.0,,2025-07-15
GEX.VN,250,"['Date', 'Adj Close', 'Close', 'High', 'Low', 'Open', 'Volume', 'Ticker']",True,object,0.0,,2025-07-15
GIL.VN,250,"['Date', 'Adj Close', 'Close', 'High', 'Low', 'Open', 'Volume', 'Ticker']",True,object,0.0,,2025-07-15
GMD.VN,247,"['Date', 'Adj Close', 'Close', 'High', 'Low', 'Open', 'Volume', 'Ticker']",True,object,0.0,,2025-07-15
GMH.VN,196,"['Date', 'Adj Close', 'Close', 'High', 'Low', 'Open', 'Volume', 'Ticker']",True,object,0.0,,2025-07-15
GSP.VN,247,"['Date', 'Adj Close', 'Close', 'High', 'Low', 'Open', 'Volume', 'Ticker']",True,object,0.0,,2025-07-15
GTA.VN,167,"['Date', 'Adj Close', 'Close', 'High', 'Low', 'Open', 'Volume', 'Ticker']",True,object,0.0,,2025-07-10
GVR.VN,247,"['Date', 'Adj Close', 'Close', 'High', 'Low', 'Open', 'Volume', 'Ticker']",True,object,0.0,,2025-07-15
HAG.VN,247,"['Date', 'Adj Close', 'Close', 'High', 'Low', 'Open', 'Volume', 'Ticker']",True,object,0.0,,2025-07-15
HAH.VN,247,"['Date', 'Adj Close', 'Close', 'High', 'Low', 'Open', 'Volume', 'Ticker']",True,object,0.0,,2025-07-15
HAP.VN,247,"['Date', 'Adj Close', 'Close', 'High', 'Low', 'Open', 'Volume', 'Ticker']",True,object,0.0,,2025-07-15
HAR.VN,247,"['Date', 'Adj Close', 'Close', 'High', 'Low', 'Open', 'Volume', 'Ticker']",True,object,0.0,,2025-07-15
HAS.VN,100,"['Date', 'Adj Close', 'Close', 'High', 'Low', 'Open', 'Volume', 'Ticker']",True,object,0.0,,2025-07-11
HAX.VN,247,"['Date', 'Adj Close', 'Close', 'High', 'Low', 'Open', 'Volume', 'Ticker']",True,object,0.0,,2025-07-15
HCD.VN,247,"['Date', 'Adj Close', 'Close', 'High', 'Low', 'Open', 'Volume', 'Ticker']",True,object,0.0,,2025-07-15
HCM.VN,247,"['Date', 'Adj Close', 'Close', 'High', 'Low', 'Open', 'Volume', 'Ticker']",True,object,0.0,,2025-07-15
HDB.VN,250,"['Date', 'Adj Close', 'Close', 'High', 'Low', 'Open', 'Volume', 'Ticker']",True,object,0.0,,2025-07-15
HDC.VN,248,"['Date', 'Adj Close', 'Close', 'High', 'Low', 'Open', 'Volume', 'Ticker']",True,object,0.0,,2025-07-15
HDG.VN,250,"['Date', 'Adj Close', 'Close', 'High', 'Low', 'Open', 'Volume', 'Ticker']",True,object,0.0,,2025-07-15
HHP.VN,247,"['Date', 'Adj Close', 'Close', 'High', 'Low', 'Open', 'Volume', 'Ticker']",True,object,0.0,,2025-07-15
HHS.VN,247,"['Date', 'Adj Close', 'Close', 'High', 'Low', 'Open', 'Volume', 'Ticker']",True,object,0.0,,2025-07-15
HHV.VN,247,"['Date', 'Adj Close', 'Close', 'High', 'Low', 'Open', 'Volume', 'Ticker']",True,object,0.0,,2025-07-15
HID.VN,247,"['Date', 'Adj Close', 'Close', 'High', 'Low', 'Open', 'Volume', 'Ticker']",True,object,0.0,,2025-07-15
HII.VN,247,"['Date', 'Adj Close', 'Close', 'High', 'Low', 'Open', 'Volume', 'Ticker']",True,object,0.0,,2025-07-15
HMC.VN,245,"['Date', 'Adj Close', 'Close', 'High', 'Low', 'Open', 'Volume', 'Ticker']",True,object,0.0,,2025-07-15
HNA.VN,258,"['Date', 'Adj Close', 'Close', 'High', 'Low', 'Open', 'Volume', 'Ticker']",True,object,0.0,,2025-07-15
HPG.VN,250,"['Date', 'Adj Close', 'Close', 'High', 'Low', 'Open', 'Volume', 'Ticker']",True,object,0.0,,2025-07-15
HPX.VN,258,"['Date', 'Adj Close', 'Close', 'High', 'Low', 'Open', 'Volume', 'Ticker']",True,object,0.0,,2025-07-15
HQC.VN,247,"['Date', 'Adj Close', 'Close', 'High', 'Low', 'Open', 'Volume', 'Ticker']",True,object,0.0,,2025-07-15
HRC.VN,258,"['Date', 'Adj Close', 'Close', 'High', 'Low', 'Open', 'Volume', 'Ticker']",True,object,0.0,,2025-07-15
HSG.VN,247,"['Date', 'Adj Close', 'Close', 'High', 'Low', 'Open', 'Volume', 'Ticker']",True,object,0.0,,2025-07-15
HSL.VN,248,"['Date', 'Adj Close', 'Close', 'High', 'Low', 'Open', 'Volume', 'Ticker']",True,object,0.0,,2025-07-15
HTG.VN,258,"['Date', 'Adj Close', 'Close', 'High', 'Low', 'Open', 'Volume', 'Ticker']",True,object,0.0,,2025-07-15
HTI.VN,246,"['Date', 'Adj Close', 'Close', 'High', 'Low', 'Open', 'Volume', 'Ticker']",True,object,0.0,,2025-07-15
HTL.VN,240,"['Date', 'Adj Close', 'Close', 'High', 'Low', 'Open', 'Volume', 'Ticker']",True,object,0.0,,2025-07-15
HTN.VN,247,"['Date', 'Adj Close', 'Close', 'High', 'Low', 'Open', 'Volume', 'Ticker']",True,object,0.0,,2025-07-15
HTV.VN,195,"['Date', 'Adj Close', 'Close', 'High', 'Low', 'Open', 'Volume', 'Ticker']",True,object,0.0,,2025-07-14
HUB.VN,250,"['Date', 'Adj Close', 'Close', 'High', 'Low', 'Open', 'Volume', 'Ticker']",True,object,0.0,,2025-07-15
HVH.VN,250,"['Date', 'Adj Close', 'Close', 'High', 'Low', 'Open', 'Volume', 'Ticker']",True,object,0.0,,2025-07-15
HVN.VN,247,"['Date', 'Adj Close', 'Close', 'High', 'Low', 'Open', 'Volume', 'Ticker']",True,object,0.0,,2025-07-15
HVX.VN,246,"['Date', 'Adj Close', 'Close', 'High', 'Low', 'Open', 'Volume', 'Ticker']",True,object,0.0,,2025-07-15
ICT.VN,247,"['Date', 'Adj Close', 'Close', 'High', 'Low', 'Open', 'Volume', 'Ticker']",True,object,0.0,,2025-07-15
IDI.VN,247,"['Date', 'Adj Close', 'Close', 'High', 'Low', 'Open', 'Volume', 'Ticker']",True,object,0.0,,2025-07-15
IJC.VN,247,"['Date', 'Adj Close', 'Close', 'High', 'Low', 'Open', 'Volume', 'Ticker']",True,object,0.0,,2025-07-15
ILB.VN,231,"['Date', 'Adj Close', 'Close', 'High', 'Low', 'Open', 'Volume', 'Ticker']",True,object,0.0,,2025-07-15
IMP.VN,248,"['Date', 'Adj Close', 'Close', 'High', 'Low', 'Open', 'Volume', 'Ticker']",True,object,0.0,,2025-07-15
ITC.VN,247,"['Date', 'Adj Close', 'Close', 'High', 'Low', 'Open', 'Volume', 'Ticker']",True,object,0.0,,2025-07-15
ITD.VN,247,"['Date', 'Adj Close', 'Close', 'High', 'Low', 'Open', 'Volume', 'Ticker']",True,object,0.0,,2025-07-15
JVC.VN,247,"['Date', 'Adj Close', 'Close', 'High', 'Low', 'Open', 'Volume', 'Ticker']",True,object,0.0,,2025-07-15
KBC.VN,247,"['Date', 'Adj Close', 'Close', 'High', 'Low', 'Open', 'Volume', 'Ticker']",True,object,0.0,,2025-07-15
KDC.VN,247,"['Date', 'Adj Close', 'Close', 'High', 'Low', 'Open', 'Volume', 'Ticker']",True,object,0.0,,2025-07-15
KDH.VN,248,"['Date', 'Adj Close', 'Close', 'High', 'Low', 'Open', 'Volume', 'Ticker']",True,object,0.0,,2025-07-15
KHG.VN,247,"['Date', 'Adj Close', 'Close', 'High', 'Low', 'Open', 'Volume', 'Ticker']",True,object,0.0,,2025-07-15
KHP.VN,248,"['Date', 'Adj Close', 'Close', 'High', 'Low', 'Open', 'Volume', 'Ticker']",True,object,0.0,,2025-07-15
KMR.VN,246,"['Date', 'Adj Close', 'Close', 'High', 'Low', 'Open', 'Volume', 'Ticker']",True,object,0.0,,2025-07-15
KOS.VN,247,"['Date', 'Adj Close', 'Close', 'High', 'Low', 'Open', 'Volume', 'Ticker']",True,object,0.0,,2025-07-15
KSB.VN,247,"['Date', 'Adj Close', 'Close', 'High', 'Low', 'Open', 'Volume', 'Ticker']",True,object,0.0,,2025-07-15
LAF.VN,237,"['Date', 'Adj Close', 'Close', 'High', 'Low', 'Open', 'Volume', 'Ticker']",True,object,0.0,,2025-07-15
LBM.VN,247,"['Date', 'Adj Close', 'Close', 'High', 'Low', 'Open', 'Volume', 'Ticker']",True,object,0.0,,2025-07-15
LCG.VN,247,"['Date', 'Adj Close', 'Close', 'High', 'Low', 'Open', 'Volume', 'Ticker']",True,object,0.0,,2025-07-15
LDG.VN,247,"['Date', 'Adj Close', 'Close', 'High', 'Low', 'Open', 'Volume', 'Ticker']",True,object,0.0,,2025-07-15
LGC.VN,259,"['Date', 'Adj Close', 'Close', 'High', 'Low', 'Open', 'Volume', 'Ticker']",True,object,0.0,,2025-07-15
LGL.VN,247,"['Date', 'Adj Close', 'Close', 'High', 'Low', 'Open', 'Volume', 'Ticker']",True,object,0.0,,2025-07-15
LHG.VN,247,"['Date', 'Adj Close', 'Close', 'High', 'Low', 'Open', 'Volume', 'Ticker']",True,object,0.0,,2025-07-15
LIX.VN,247,"['Date', 'Adj Close', 'Close', 'High', 'Low', 'Open', 'Volume', 'Ticker']",True,object,0.0,,2025-07-15
LPB.VN,250,"['Date', 'Adj Close', 'Close', 'High', 'Low', 'Open', 'Volume', 'Ticker']",True,object,0.0,,2025-07-15
LSS.VN,250,"['Date', 'Adj Close', 'Close', 'High', 'Low', 'Open', 'Volume', 'Ticker']",True,object,0.0,,2025-07-15
MBB.VN,250,"['Date', 'Adj Close', 'Close', 'High', 'Low', 'Open', 'Volume', 'Ticker']",True,object,0.0,,2025-07-15
MCM.VN,247,"['Date', 'Adj Close', 'Close', 'High', 'Low', 'Open', 'Volume', 'Ticker']",True,object,0.0,,2025-07-15
MCP.VN,250,"['Date', 'Adj Close', 'Close', 'High', 'Low', 'Open', 'Volume', 'Ticker']",True,object,0.0,,2025-07-15
MDG.VN,259,"['Date', 'Adj Close', 'Close', 'High', 'Low', 'Open', 'Volume', 'Ticker']",True,object,0.0,,2025-07-15
MHC.VN,248,"['Date', 'Adj Close', 'Close', 'High', 'Low', 'Open', 'Volume', 'Ticker']",True,object,0.0,,2025-07-15
MIG.VN,247,"['Date', 'Adj Close', 'Close', 'High', 'Low', 'Open', 'Volume', 'Ticker']",True,object,0.0,,2025-07-15
MSB.VN,247,"['Date', 'Adj Close', 'Close', 'High', 'Low', 'Open', 'Volume', 'Ticker']",True,object,0.0,,2025-07-15
MSH.VN,250,"['Date', 'Adj Close', 'Close', 'High', 'Low', 'Open', 'Volume', 'Ticker']",True,object,0.0,,2025-07-15
MSN.VN,247,"['Date', 'Adj Close', 'Close', 'High', 'Low', 'Open', 'Volume', 'Ticker']",True,object,0.0,,2025-07-15
MWG.VN,247,"['Date', 'Adj Close', 'Close', 'High', 'Low', 'Open', 'Volume', 'Ticker']",True,object,0.0,,2025-07-15
NAB.VN,262,"['Date', 'Adj Close', 'Close', 'High', 'Low', 'Open', 'Volume', 'Ticker']",True,object,0.0,,2025-07-15
NAF.VN,248,"['Date', 'Adj Close', 'Close', 'High', 'Low', 'Open', 'Volume', 'Ticker']",True,object,0.0,,2025-07-15
NAV.VN,210,"['Date', 'Adj Close', 'Close', 'High', 'Low', 'Open', 'Volume', 'Ticker']",True,object,0.0,,2025-07-15
NBB.VN,247,"['Date', 'Adj Close', 'Close', 'High', 'Low', 'Open', 'Volume', 'Ticker']",True,object,0.0,,2025-07-15
NCT.VN,246,"['Date', 'Adj Close', 'Close', 'High', 'Low', 'Open', 'Volume', 'Ticker']",True,object,0.0,,2025-07-15
NHA.VN,250,"['Date', 'Adj Close', 'Close', 'High', 'Low', 'Open', 'Volume', 'Ticker']",True,object,0.0,,2025-07-15
NHH.VN,247,"['Date', 'Adj Close', 'Close', 'High', 'Low', 'Open', 'Volume', 'Ticker']",True,object,0.0,,2025-07-15
NHT.VN,203,"['Date', 'Adj Close', 'Close', 'High', 'Low', 'Open', 'Volume', 'Ticker']",True,object,0.0,,2025-07-14
NKG.VN,250,"['Date', 'Adj Close', 'Close', 'High', 'Low', 'Open', 'Volume', 'Ticker']",True,object,0.0,,2025-07-15
NLG.VN,247,"['Date', 'Adj Close', 'Close', 'High', 'Low', 'Open', 'Volume', 'Ticker']",True,object,0.0,,2025-07-15
NNC.VN,245,"['Date', 'Adj Close', 'Close', 'High', 'Low', 'Open', 'Volume', 'Ticker']",True,object,0.0,,2025-07-15
NSC.VN,229,"['Date', 'Adj Close', 'Close', 'High', 'Low', 'Open', 'Volume', 'Ticker']",True,object,0.0,,2025-07-15
NTL.VN,247,"['Date', 'Adj Close', 'Close', 'High', 'Low', 'Open', 'Volume', 'Ticker']",True,object,0.0,,2025-07-15
NVL.VN,247,"['Date', 'Adj Close', 'Close', 'High', 'Low', 'Open', 'Volume', 'Ticker']",True,object,0.0,,2025-07-15
NVT.VN,208,"['Date', 'Adj Close', 'Close', 'High', 'Low', 'Open', 'Volume', 'Ticker']",True,object,0.0,,2025-07-15
OCB.VN,248,"['Date', 'Adj Close', 'Close', 'High', 'Low', 'Open', 'Volume', 'Ticker']",True,object,0.0,,2025-07-15
OGC.VN,247,"['Date', 'Adj Close', 'Close', 'High', 'Low', 'Open', 'Volume', 'Ticker']",True,object,0.0,,2025-07-15
OPC.VN,235,"['Date', 'Adj Close', 'Close', 'High', 'Low', 'Open', 'Volume', 'Ticker']",True,object,0.0,,2025-07-15
ORS.VN,247,"['Date', 'Adj Close', 'Close', 'High', 'Low', 'Open', 'Volume', 'Ticker']",True,object,0.0,,2025-07-15
PAC.VN,250,"['Date', 'Adj Close', 'Close', 'High', 'Low', 'Open', 'Volume', 'Ticker']",True,object,0.0,,2025-07-15
PAN.VN,247,"['Date', 'Adj Close', 'Close', 'High', 'Low', 'Open', 'Volume', 'Ticker']",True,object,0.0,,2025-07-15
PDN.VN,202,"['Date', 'Adj Close', 'Close', 'High', 'Low', 'Open', 'Volume', 'Ticker']",True,object,0.0,,2025-07-15
PDR.VN,247,"['Date', 'Adj Close', 'Close', 'High', 'Low', 'Open', 'Volume', 'Ticker']",True,object,0.0,,2025-07-15
PET.VN,247,"['Date', 'Adj Close', 'Close', 'High', 'Low', 'Open', 'Volume', 'Ticker']",True,object,0.0,,2025-07-15
PGC.VN,247,"['Date', 'Adj Close', 'Close', 'High', 'Low', 'Open', 'Volume', 'Ticker']",True,object,0.0,,2025-07-15
PGD.VN,228,"['Date', 'Adj Close', 'Close', 'High', 'Low', 'Open', 'Volume', 'Ticker']",True,object,0.0,,2025-07-15
PGI.VN,188,"['Date', 'Adj Close', 'Close', 'High', 'Low', 'Open', 'Volume', 'Ticker']",True,object,0.0,,2025-07-15
PGV.VN,247,"['Date', 'Adj Close', 'Close', 'High', 'Low', 'Open', 'Volume', 'Ticker']",True,object,0.0,,2025-07-15
PHC.VN,247,"['Date', 'Adj Close', 'Close', 'High', 'Low', 'Open', 'Volume', 'Ticker']",True,object,0.0,,2025-07-15
PHR.VN,247,"['Date', 'Adj Close', 'Close', 'High', 'Low', 'Open', 'Volume', 'Ticker']",True,object,0.0,,2025-07-15
PIT.VN,237,"['Date', 'Adj Close', 'Close', 'High', 'Low', 'Open', 'Volume', 'Ticker']",True,object,0.0,,2025-07-15
PJT.VN,160,"['Date', 'Adj Close', 'Close', 'High', 'Low', 'Open', 'Volume', 'Ticker']",True,object,0.0,,2025-07-15
PLP.VN,246,"['Date', 'Adj Close', 'Close', 'High', 'Low', 'Open', 'Volume', 'Ticker']",True,object,0.0,,2025-07-15
PLX.VN,247,"['Date', 'Adj Close', 'Close', 'High', 'Low', 'Open', 'Volume', 'Ticker']",True,object,0.0,,2025-07-15
PMG.VN,99,"['Date', 'Adj Close', 'Close', 'High', 'Low', 'Open', 'Volume', 'Ticker']",True,object,0.0,,2025-07-14
PNC.VN,192,"['Date', 'Adj Close', 'Close', 'High', 'Low', 'Open', 'Volume', 'Ticker']",True,object,0.0,,2025-07-15
PNJ.VN,247,"['Date', 'Adj Close', 'Close', 'High', 'Low', 'Open', 'Volume', 'Ticker']",True,object,0.0,,2025-07-15
POW.VN,247,"['Date', 'Adj Close', 'Close', 'High', 'Low', 'Open', 'Volume', 'Ticker']",True,object,0.0,,2025-07-15
PPC.VN,247,"['Date', 'Adj Close', 'Close', 'High', 'Low', 'Open', 'Volume', 'Ticker']",True,object,0.0,,2025-07-15
PTB.VN,247,"['Date', 'Adj Close', 'Close', 'High', 'Low', 'Open', 'Volume', 'Ticker']",True,object,0.0,,2025-07-15
PTC.VN,247,"['Date', 'Adj Close', 'Close', 'High', 'Low', 'Open', 'Volume', 'Ticker']",True,object,0.0,,2025-07-15
PTL.VN,247,"['Date', 'Adj Close', 'Close', 'High', 'Low', 'Open', 'Volume', 'Ticker']",True,object,0.0,,2025-07-15
PVD.VN,247,"['Date', 'Adj Close', 'Close', 'High', 'Low', 'Open', 'Volume', 'Ticker']",True,object,0.0,,2025-07-15
PVP.VN,247,"['Date', 'Adj Close', 'Close', 'High', 'Low', 'Open', 'Volume', 'Ticker']",True,object,0.0,,2025-07-15
PVT.VN,250,"['Date', 'Adj Close', 'Close', 'High', 'Low', 'Open', 'Volume', 'Ticker']",True,object,0.0,,2025-07-15
QCG.VN,247,"['Date', 'Adj Close', 'Close', 'High', 'Low', 'Open', 'Volume', 'Ticker']",True,object,0.0,,2025-07-15
QNP.VN,258,"['Date', 'Adj Close', 'Close', 'High', 'Low', 'Open', 'Volume', 'Ticker']",True,object,0.0,,2025-07-15
RAL.VN,247,"['Date', 'Adj Close', 'Close', 'High', 'Low', 'Open', 'Volume', 'Ticker']",True,object,0.0,,2025-07-15
REE.VN,250,"['Date', 'Adj Close', 'Close', 'High', 'Low', 'Open', 'Volume', 'Ticker']",True,object,0.0,,2025-07-15
RYG.VN,135,"['Date', 'Adj Close', 'Close', 'High', 'Low', 'Open', 'Volume', 'Ticker']",True,object,0.0,,2025-07-15
SAB.VN,247,"['Date', 'Adj Close', 'Close', 'High', 'Low', 'Open', 'Volume', 'Ticker']",True,object,0.0,,2025-07-15
SAM.VN,247,"['Date', 'Adj Close', 'Close', 'High', 'Low', 'Open', 'Volume', 'Ticker']",True,object,0.0,,2025-07-15
SAV.VN,248,"['Date', 'Adj Close', 'Close', 'High', 'Low', 'Open', 'Volume', 'Ticker']",True,object,0.0,,2025-07-15
SBA.VN,244,"['Date', 'Adj Close', 'Close', 'High', 'Low', 'Open', 'Volume', 'Ticker']",True,object,0.0,,2025-07-15
SBG.VN,258,"['Date', 'Adj Close', 'Close', 'High', 'Low', 'Open', 'Volume', 'Ticker']",True,object,0.0,,2025-07-15
SBT.VN,250,"['Date', 'Adj Close', 'Close', 'High', 'Low', 'Open', 'Volume', 'Ticker']",True,object,0.0,,2025-07-15
SBV.VN,216,"['Date', 'Adj Close', 'Close', 'High', 'Low', 'Open', 'Volume', 'Ticker']",True,object,0.0,,2025-07-15
SCR.VN,247,"['Date', 'Adj Close', 'Close', 'High', 'Low', 'Open', 'Volume', 'Ticker']",True,object,0.0,,2025-07-15
SCS.VN,247,"['Date', 'Adj Close', 'Close', 'High', 'Low', 'Open', 'Volume', 'Ticker']",True,object,0.0,,2025-07-15
SFC.VN,165,"['Date', 'Adj Close', 'Close', 'High', 'Low', 'Open', 'Volume', 'Ticker']",True,object,0.0,,2025-07-15
SFG.VN,240,"['Date', 'Adj Close', 'Close', 'High', 'Low', 'Open', 'Volume', 'Ticker']",True,object,0.0,,2025-07-15
SFI.VN,220,"['Date', 'Adj Close', 'Close', 'High', 'Low', 'Open', 'Volume', 'Ticker']",True,object,0.0,,2025-07-15
SGN.VN,247,"['Date', 'Adj Close', 'Close', 'High', 'Low', 'Open', 'Volume', 'Ticker']",True,object,0.0,,2025-07-15
SGR.VN,247,"['Date', 'Adj Close', 'Close', 'High', 'Low', 'Open', 'Volume', 'Ticker']",True,object,0.0,,2025-07-15
SGT.VN,247,"['Date', 'Adj Close', 'Close', 'High', 'Low', 'Open', 'Volume', 'Ticker']",True,object,0.0,,2025-07-15
SHA.VN,235,"['Date', 'Adj Close', 'Close', 'High', 'Low', 'Open', 'Volume', 'Ticker']",True,object,0.0,,2025-07-15
SHB.VN,250,"['Date', 'Adj Close', 'Close', 'High', 'Low', 'Open', 'Volume', 'Ticker']",True,object,0.0,,2025-07-15
SHI.VN,250,"['Date', 'Adj Close', 'Close', 'High', 'Low', 'Open', 'Volume', 'Ticker']",True,object,0.0,,2025-07-15
SHP.VN,245,"['Date', 'Adj Close', 'Close', 'High', 'Low', 'Open', 'Volume', 'Ticker']",True,object,0.0,,2025-07-15
SIP.VN,250,"['Date', 'Adj Close', 'Close', 'High', 'Low', 'Open', 'Volume', 'Ticker']",True,object,0.0,,2025-07-15
SJD.VN,247,"['Date', 'Adj Close', 'Close', 'High', 'Low', 'Open', 'Volume', 'Ticker']",True,object,0.0,,2025-07-15
SJS.VN,247,"['Date', 'Adj Close', 'Close', 'High', 'Low', 'Open', 'Volume', 'Ticker']",True,object,0.0,,2025-07-15
SKG.VN,247,"['Date', 'Adj Close', 'Close', 'High', 'Low', 'Open', 'Volume', 'Ticker']",True,object,0.0,,2025-07-15
SMA.VN,107,"['Date', 'Adj Close', 'Close', 'High', 'Low', 'Open', 'Volume', 'Ticker']",True,object,0.0,,2025-07-15
SMB.VN,247,"['Date', 'Adj Close', 'Close', 'High', 'Low', 'Open', 'Volume', 'Ticker']",True,object,0.0,,2025-07-15
SMC.VN,247,"['Date', 'Adj Close', 'Close', 'High', 'Low', 'Open', 'Volume', 'Ticker']",True,object,0.0,,2025-07-15
SPM.VN,166,"['Date', 'Adj Close', 'Close', 'High', 'Low', 'Open', 'Volume', 'Ticker']",True,object,0.0,,2025-07-15
SRC.VN,175,"['Date', 'Adj Close', 'Close', 'High', 'Low', 'Open', 'Volume', 'Ticker']",True,object,0.0,,2025-07-15
SRF.VN,235,"['Date', 'Adj Close', 'Close', 'High', 'Low', 'Open', 'Volume', 'Ticker']",True,object,0.0,,2025-07-15
SSB.VN,248,"['Date', 'Adj Close', 'Close', 'High', 'Low', 'Open', 'Volume', 'Ticker']",True,object,0.0,,2025-07-15
SSC.VN,119,"['Date', 'Adj Close', 'Close', 'High', 'Low', 'Open', 'Volume', 'Ticker']",True,object,0.0,,2025-07-11
SSI.VN,248,"['Date', 'Adj Close', 'Close', 'High', 'Low', 'Open', 'Volume', 'Ticker']",True,object,0.0,,2025-07-15
STB.VN,247,"['Date', 'Adj Close', 'Close', 'High', 'Low', 'Open', 'Volume', 'Ticker']",True,object,0.0,,2025-07-15
STG.VN,134,"['Date', 'Adj Close', 'Close', 'High', 'Low', 'Open', 'Volume', 'Ticker']",True,object,0.0,,2025-07-15
STK.VN,247,"['Date', 'Adj Close', 'Close', 'High', 'Low', 'Open', 'Volume', 'Ticker']",True,object,0.0,,2025-07-15
SVC.VN,199,"['Date', 'Adj Close', 'Close', 'High', 'Low', 'Open', 'Volume', 'Ticker']",True,object,0.0,,2025-07-15
SVD.VN,247,"['Date', 'Adj Close', 'Close', 'High', 'Low', 'Open', 'Volume', 'Ticker']",True,object,0.0,,2025-07-15
SVI.VN,258,"['Date', 'Adj Close', 'Close', 'High', 'Low', 'Open', 'Volume', 'Ticker']",True,object,0.0,,2025-07-15
SVT.VN,230,"['Date', 'Adj Close', 'Close', 'High', 'Low', 'Open', 'Volume', 'Ticker']",True,object,0.0,,2025-07-15
SZC.VN,247,"['Date', 'Adj Close', 'Close', 'High', 'Low', 'Open', 'Volume', 'Ticker']",True,object,0.0,,2025-07-15
SZL.VN,244,"['Date', 'Adj Close', 'Close', 'High', 'Low', 'Open', 'Volume', 'Ticker']",True,object,0.0,,2025-07-15
TBC.VN,190,"['Date', 'Adj Close', 'Close', 'High', 'Low', 'Open', 'Volume', 'Ticker']",True,object,0.0,,2025-07-15
TCB.VN,247,"['Date', 'Adj Close', 'Close', 'High', 'Low', 'Open', 'Volume', 'Ticker']",True,object,0.0,,2025-07-15
TCD.VN,247,"['Date', 'Adj Close', 'Close', 'High', 'Low', 'Open', 'Volume', 'Ticker']",True,object,0.0,,2025-07-15
TCH.VN,247,"['Date', 'Adj Close', 'Close', 'High', 'Low', 'Open', 'Volume', 'Ticker']",True,object,0.0,,2025-07-15
TCI.VN,258,"['Date', 'Adj Close', 'Close', 'High', 'Low', 'Open', 'Volume', 'Ticker']",True,object,0.0,,2025-07-15
TCL.VN,247,"['Date', 'Adj Close', 'Close', 'High', 'Low', 'Open', 'Volume', 'Ticker']",True,object,0.0,,2025-07-15
TCM.VN,250,"['Date', 'Adj Close', 'Close', 'High', 'Low', 'Open', 'Volume', 'Ticker']",True,object,0.0,,2025-07-15
TCO.VN,250,"['Date', 'Adj Close', 'Close', 'High', 'Low', 'Open', 'Volume', 'Ticker']",True,object,0.0,,2025-07-15
TCR.VN,207,"['Date', 'Adj Close', 'Close', 'High', 'Low', 'Open', 'Volume', 'Ticker']",True,object,0.0,,2025-07-15
TCT.VN,242,"['Date', 'Adj Close', 'Close', 'High', 'Low', 'Open', 'Volume', 'Ticker']",True,object,0.0,,2025-07-15
TDC.VN,247,"['Date', 'Adj Close', 'Close', 'High', 'Low', 'Open', 'Volume', 'Ticker']",True,object,0.0,,2025-07-15
TDG.VN,250,"['Date', 'Adj Close', 'Close', 'High', 'Low', 'Open', 'Volume', 'Ticker']",True,object,0.0,,2025-07-15
TDH.VN,247,"['Date', 'Adj Close', 'Close', 'High', 'Low', 'Open', 'Volume', 'Ticker']",True,object,0.0,,2025-07-15
TDM.VN,237,"['Date', 'Adj Close', 'Close', 'High', 'Low', 'Open', 'Volume', 'Ticker']",True,object,0.0,,2025-07-15
TDP.VN,248,"['Date', 'Adj Close', 'Close', 'High', 'Low', 'Open', 'Volume', 'Ticker']",True,object,0.0,,2025-07-15
TDW.VN,258,"['Date', 'Adj Close', 'Close', 'High', 'Low', 'Open', 'Volume', 'Ticker']",True,object,0.0,,2025-07-15
TEG.VN,242,"['Date', 'Adj Close', 'Close', 'High', 'Low', 'Open', 'Volume', 'Ticker']",True,object,0.0,,2025-07-15
THG.VN,250,"['Date', 'Adj Close', 'Close', 'High', 'Low', 'Open', 'Volume', 'Ticker']",True,object,0.0,,2025-07-15
TIP.VN,247,"['Date', 'Adj Close', 'Close', 'High', 'Low', 'Open', 'Volume', 'Ticker']",True,object,0.0,,2025-07-15
TIX.VN,258,"['Date', 'Adj Close', 'Close', 'High', 'Low', 'Open', 'Volume', 'Ticker']",True,object,0.0,,2025-07-15
TLD.VN,247,"['Date', 'Adj Close', 'Close', 'High', 'Low', 'Open', 'Volume', 'Ticker']",True,object,0.0,,2025-07-15
TLG.VN,250,"['Date', 'Adj Close', 'Close', 'High', 'Low', 'Open', 'Volume', 'Ticker']",True,object,0.0,,2025-07-15
TLH.VN,247,"['Date', 'Adj Close', 'Close', 'High', 'Low', 'Open', 'Volume', 'Ticker']",True,object,0.0,,2025-07-15
TMP.VN,230,"['Date', 'Adj Close', 'Close', 'High', 'Low', 'Open', 'Volume', 'Ticker']",True,object,0.0,,2025-07-15
TMS.VN,203,"['Date', 'Adj Close', 'Close', 'High', 'Low', 'Open', 'Volume', 'Ticker']",True,object,0.0,,2025-07-14
TMT.VN,247,"['Date', 'Adj Close', 'Close', 'High', 'Low', 'Open', 'Volume', 'Ticker']",True,object,0.0,,2025-07-15
TNC.VN,258,"['Date', 'Adj Close', 'Close', 'High', 'Low', 'Open', 'Volume', 'Ticker']",True,object,0.0,,2025-07-15
TNH.VN,250,"['Date', 'Adj Close', 'Close', 'High', 'Low', 'Open', 'Volume', 'Ticker']",True,object,0.0,,2025-07-15
TNI.VN,247,"['Date', 'Adj Close', 'Close', 'High', 'Low', 'Open', 'Volume', 'Ticker']",True,object,0.0,,2025-07-15
TNT.VN,247,"['Date', 'Adj Close', 'Close', 'High', 'Low', 'Open', 'Volume', 'Ticker']",True,object,0.0,,2025-07-15
TPB.VN,248,"['Date', 'Adj Close', 'Close', 'High', 'Low', 'Open', 'Volume', 'Ticker']",True,object,0.0,,2025-07-15
TPC.VN,175,"['Date', 'Adj Close', 'Close', 'High', 'Low', 'Open', 'Volume', 'Ticker']",True,object,0.0,,2025-07-15
TRA.VN,237,"['Date', 'Adj Close', 'Close', 'High', 'Low', 'Open', 'Volume', 'Ticker']",True,object,0.0,,2025-07-15
TRC.VN,244,"['Date', 'Adj Close', 'Close', 'High', 'Low', 'Open', 'Volume', 'Ticker']",True,object,0.0,,2025-07-15
TSC.VN,247,"['Date', 'Adj Close', 'Close', 'High', 'Low', 'Open', 'Volume', 'Ticker']",True,object,0.0,,2025-07-15
TTA.VN,247,"['Date', 'Adj Close', 'Close', 'High', 'Low', 'Open', 'Volume', 'Ticker']",True,object,0.0,,2025-07-15
TTE.VN,258,"['Date', 'Adj Close', 'Close', 'High', 'Low', 'Open', 'Volume', 'Ticker']",True,object,0.0,,2025-07-15
TTF.VN,247,"['Date', 'Adj Close', 'Close', 'High', 'Low', 'Open', 'Volume', 'Ticker']",True,object,0.0,,2025-07-15
TVB.VN,247,"['Date', 'Adj Close', 'Close', 'High', 'Low', 'Open', 'Volume', 'Ticker']",True,object,0.0,,2025-07-15
TVS.VN,247,"['Date', 'Adj Close', 'Close', 'High', 'Low', 'Open', 'Volume', 'Ticker']",True,object,0.0,,2025-07-15
TVT.VN,235,"['Date', 'Adj Close', 'Close', 'High', 'Low', 'Open', 'Volume', 'Ticker']",True,object,0.0,,2025-07-15
TYA.VN,234,"['Date', 'Adj Close', 'Close', 'High', 'Low', 'Open', 'Volume', 'Ticker']",True,object,0.0,,2025-07-15
UIC.VN,212,"['Date', 'Adj Close', 'Close', 'High', 'Low', 'Open', 'Volume', 'Ticker']",True,object,0.0,,2025-07-15
VAF.VN,167,"['Date', 'Adj Close', 'Close', 'High', 'Low', 'Open', 'Volume', 'Ticker']",True,object,0.0,,2025-07-15
VCA.VN,212,"['Date', 'Adj Close', 'Close', 'High', 'Low', 'Open', 'Volume', 'Ticker']",True,object,0.0,,2025-07-15
VCB.VN,250,"['Date', 'Adj Close', 'Close', 'High', 'Low', 'Open', 'Volume', 'Ticker']",True,object,0.0,,2025-07-15
VCF.VN,219,"['Date', 'Adj Close', 'Close', 'High', 'Low', 'Open', 'Volume', 'Ticker']",True,object,0.0,,2025-07-15
VCG.VN,250,"['Date', 'Adj Close', 'Close', 'High', 'Low', 'Open', 'Volume', 'Ticker']",True,object,0.0,,2025-07-15
VCI.VN,248,"['Date', 'Adj Close', 'Close', 'High', 'Low', 'Open', 'Volume', 'Ticker']",True,object,0.0,,2025-07-15
VDP.VN,225,"['Date', 'Adj Close', 'Close', 'High', 'Low', 'Open', 'Volume', 'Ticker']",True,object,0.0,,2025-07-15
VDS.VN,250,"['Date', 'Adj Close', 'Close', 'High', 'Low', 'Open', 'Volume', 'Ticker']",True,object,0.0,,2025-07-15
VFG.VN,247,"['Date', 'Adj Close', 'Close', 'High', 'Low', 'Open', 'Volume', 'Ticker']",True,object,0.0,,2025-07-15
VGC.VN,247,"['Date', 'Adj Close', 'Close', 'High', 'Low', 'Open', 'Volume', 'Ticker']",True,object,0.0,,2025-07-15
VHC.VN,247,"['Date', 'Adj Close', 'Close', 'High', 'Low', 'Open', 'Volume', 'Ticker']",True,object,0.0,,2025-07-15
VHM.VN,247,"['Date', 'Adj Close', 'Close', 'High', 'Low', 'Open', 'Volume', 'Ticker']",True,object,0.0,,2025-07-15
VIB.VN,247,"['Date', 'Adj Close', 'Close', 'High', 'Low', 'Open', 'Volume', 'Ticker']",True,object,0.0,,2025-07-15
VIC.VN,247,"['Date', 'Adj Close', 'Close', 'High', 'Low', 'Open', 'Volume', 'Ticker']",True,object,0.0,,2025-07-15
VID.VN,241,"['Date', 'Adj Close', 'Close', 'High', 'Low', 'Open', 'Volume', 'Ticker']",True,object,0.0,,2025-07-15
VIP.VN,247,"['Date', 'Adj Close', 'Close', 'High', 'Low', 'Open', 'Volume', 'Ticker']",True,object,0.0,,2025-07-15
VIX.VN,250,"['Date', 'Adj Close', 'Close', 'High', 'Low', 'Open', 'Volume', 'Ticker']",True,object,0.0,,2025-07-15
VJC.VN,247,"['Date', 'Adj Close', 'Close', 'High', 'Low', 'Open', 'Volume', 'Ticker']",True,object,0.0,,2025-07-15
VMD.VN,238,"['Date', 'Adj Close', 'Close', 'High', 'Low', 'Open', 'Volume', 'Ticker']",True,object,0.0,,2025-07-15
VND.VN,247,"['Date', 'Adj Close', 'Close', 'High', 'Low', 'Open', 'Volume', 'Ticker']",True,object,0.0,,2025-07-15
VNE.VN,247,"['Date', 'Adj Close', 'Close', 'High', 'Low', 'Open', 'Volume', 'Ticker']",True,object,0.0,,2025-07-15
VNG.VN,245,"['Date', 'Adj Close', 'Close', 'High', 'Low', 'Open', 'Volume', 'Ticker']",True,object,0.0,,2025-07-15
VNL.VN,244,"['Date', 'Adj Close', 'Close', 'High', 'Low', 'Open', 'Volume', 'Ticker']",True,object,0.0,,2025-07-15
VNM.VN,247,"['Date', 'Adj Close', 'Close', 'High', 'Low', 'Open', 'Volume', 'Ticker']",True,object,0.0,,2025-07-15
VNS.VN,246,"['Date', 'Adj Close', 'Close', 'High', 'Low', 'Open', 'Volume', 'Ticker']",True,object,0.0,,2025-07-15
VOS.VN,247,"['Date', 'Adj Close', 'Close', 'High', 'Low', 'Open', 'Volume', 'Ticker']",True,object,0.0,,2025-07-15
VPB.VN,247,"['Date', 'Adj Close', 'Close', 'High', 'Low', 'Open', 'Volume', 'Ticker']",True,object,0.0,,2025-07-15
VPD.VN,244,"['Date', 'Adj Close', 'Close', 'High', 'Low', 'Open', 'Volume', 'Ticker']",True,object,0.0,,2025-07-15
VPG.VN,247,"['Date', 'Adj Close', 'Close', 'High', 'Low', 'Open', 'Volume', 'Ticker']",True,object,0.0,,2025-07-15
VPH.VN,247,"['Date', 'Adj Close', 'Close', 'High', 'Low', 'Open', 'Volume', 'Ticker']",True,object,0.0,,2025-07-15
VPI.VN,247,"['Date', 'Adj Close', 'Close', 'High', 'Low', 'Open', 'Volume', 'Ticker']",True,object,0.0,,2025-07-15
VPL.VN,47,"['Date', 'Adj Close', 'Close', 'High', 'Low', 'Open', 'Volume', 'Ticker']",True,object,0.0,,2025-07-15
VPS.VN,195,"['Date', 'Adj Close', 'Close', 'High', 'Low', 'Open', 'Volume', 'Ticker']",True,object,0.0,,2025-07-15
VRC.VN,247,"['Date', 'Adj Close', 'Close', 'High', 'Low', 'Open', 'Volume', 'Ticker']",True,object,0.0,,2025-07-15
VRE.VN,247,"['Date', 'Adj Close', 'Close', 'High', 'Low', 'Open', 'Volume', 'Ticker']",True,object,0.0,,2025-07-15
VSC.VN,250,"['Date', 'Adj Close', 'Close', 'High', 'Low', 'Open', 'Volume', 'Ticker']",True,object,0.0,,2025-07-15
VSH.VN,241,"['Date', 'Adj Close', 'Close', 'High', 'Low', 'Open', 'Volume', 'Ticker']",True,object,0.0,,2025-07-15
VSI.VN,164,"['Date', 'Adj Close', 'Close', 'High', 'Low', 'Open', 'Volume', 'Ticker']",True,object,0.0,,2025-07-15
VTB.VN,213,"['Date', 'Adj Close', 'Close', 'High', 'Low', 'Open', 'Volume', 'Ticker']",True,object,0.0,,2025-07-15
VTO.VN,247,"['Date', 'Adj Close', 'Close', 'High', 'Low', 'Open', 'Volume', 'Ticker']",True,object,0.0,,2025-07-15
VTP.VN,258,"['Date', 'Adj Close', 'Close', 'High', 'Low', 'Open', 'Volume', 'Ticker']",True,object,0.0,,2025-07-15
YBM.VN,178,"['Date', 'Adj Close', 'Close', 'High', 'Low', 'Open', 'Volume', 'Ticker']",True,object,0.0,,2025-07-15
YEG.VN,247,"['Date', 'Adj Close', 'Close', 'High', 'Low', 'Open', 'Volume', 'Ticker']",True,object,0.0,,2025-07-15
